vote_account,code
DEaLiXYzAMDYEwA9nUEXKndrNs4dkW9VSa5GmKhhfNot,BLACKLIST_COMMISSION_RUG
B5a4ywXhokofcZDsdVT7RH64HiqW7WxvG9hMxQYgHzZL,BLACKLIST_COMMISSION_RUG
GuPYoGPCQDp1bJ3A6ALzcHik6ziu6CX95ADHeQvbzMfQ,BLACKLIST_COMMISSION_RUG
FaNp2GzQyt2ktDFSQvyom45w6t8APvoQiey5SWcKJ87R,BLACKLIST_COMMISSION_RUG
CcadSbg8aSTTfbY99ah5VGSv8S7DL3b6isPLePMVmLdP,BLACKLIST_COMMISSION_RUG
BF2gZDHXdtxxzNU18qcme89zexND41yohyaLg5xytdg1,BLACKLIST_COMMISSION_RUG
AG781KzvU89JSu9W69adSLkaVW11g9L3HNxYyuePrfrk,BLACKLIST_COMMISSION_RUG
DM7agS8XHMXqxsT7BXxAPKzJ54JSEDTK59HtrQfEKJGa,BLACKLIST_COMMISSION_RUG
DVD9Q9yZ8n9iWaqCCP7y6tf461aZTCshsaj5zm9aE7WV,BLACKLIST_COMMISSION_RUG
DWCLHn3hzmru2K8Lg2MFhsBABPmEGDkd664V9z77NjCt,BLACKLIST_COMMISSION_RUG
2R2H7wHcCKwEq85HuScU3xvR9Rf1WJuAhGtpuUzUGhGJ,BLACKLIST_COMMISSION_RUG
HoZN2oWKh3bxzX1pdW3dPkFgpN7edabKCHSZSqiJnH9B,BLACKLIST_COMMISSION_RUG
3vFELvmvHdkobLmgMCiXKqTFWwrbEWyxVX1uyMXFm6n8,BLACKLIST_COMMISSION_RUG
JBvqybAVc98GrvhjF7EXVdrgaZAEyy3Gi6D7uT3qsFwr,BLACKLIST_COMMISSION_RUG
Ap3wiVMh2BJDvvvUPQMWMBCZCPeyxVhf8xjCWASoFWUa,BLACKLIST_COMMISSION_RUG
ER87FSCghU7CwYpNR2jED6XZQE7T4QfU4591WAjzvi1Y,BLACKLIST_COMMISSION_RUG
8VNKjGimak6Y53b2vHfcg2fFZMN7gWM1DLm9bhDXw8QS,BLACKLIST_COMMISSION_RUG
4yw5YqiXrcQGoMPRP2qiyVsSzjhmucuq4585cq6arNVg,BLACKLIST_COMMISSION_RUG
BEnXovPGU8DgHTTpaHt4eTeJxmbBcEDxd8fFvR7PDvpY,BLACKLIST_COMMISSION_RUG
AY8LpVmVTaDMPmUsr41YCxivmy3VVtKtLvZmTNtJ92CC,BLACKLIST_COMMISSION_RUG
Ea2vEgAyt6KWD7GGXhvadxBNrQRfQkLNVqv4WbACotju,BLACKLIST_COMMISSION_RUG
9Wz6CnPPkiu8wDbkfWpTREgEiWRN4QLykjct49DjZYEp,BLACKLIST_COMMISSION_RUG
3R8K6iWxNHmKSBcN3taMU2YuzfuNMRjdphnLtsG1TwZq,BLACKLIST_COMMISSION_RUG
AfrkokqBnJSSdK4Eo7AX9iFqhbjY4drAMFf6W814tDei,BLACKLIST_COMMISSION_RUG
2GoR6ixTNd41wqmKSgsLBKoewws8AumKwGVSpSye47rY,BLACKLIST_COMMISSION_RUG
GRuqWk1zN7LTTDhxVkEGFu9SYUThyYs7jHksWuVat6VB,BLACKLIST_COMMISSION_RUG
43rzZoc9SKPFQwqtoGcc4MrYMVfYsqS6DHJKi11feQ2U,BLACKLIST_COMMISSION_RUG
HjVDuh1kTuWtKrvDjwXjL4Cz2fVXtgBy7bMcUMjtFrcw,BLACKLIST_COMMISSION_RUG
xnYS1CG3eGK1XinCTRxoLZyCz7NcAmYGjJTPYYk4Bs1,BLACKLIST_COMMISSION_RUG
C7NjhyfZ9Z7MhYkiuyj3EEXZqsiSEr3GwkruULx8QsWe,BLACKLIST_COMMISSION_RUG
4sw5oZBupkTe1g74mqCaFiw9YSrjgLbPAKtPa1Hv7LSi,BLACKLIST_COMMISSION_RUG
4tdrCXpoqAdSR7Zqbow6ikL1BGLHV2SK9XpwYsXvWGCW,BLACKLIST_COMMISSION_RUG
BDhdtVWYV1F2Wx3Q174NFJ1dhFypy6mMb24hmDKTCvyx,BLACKLIST_COMMISSION_RUG
HrcY6Tewg1mWUoqCqSctc9i8Qhh53hNUFxMYz6AzGSWi,BLACKLIST_COMMISSION_RUG
CP99unpGKUeY4TwaMJYkArFwPsDWLTSMKo3pEWxjiWmZ,BLACKLIST_COMMISSION_RUG
B8JCqqnJnMJjBGgVv7BDrBtFGDL6bU5Q8J2SxjUdt7Mo,BLACKLIST_COMMISSION_RUG
CDnpa7PGGAaJhXEaL6exXW4TfnY5Qd5jyEusYsx282uk,BLACKLIST_COMMISSION_RUG
AhcvnNdppGEcgdpK5gfcaZnAWz4ct8V4n7De5QiLiuzG,BLACKLIST_COMMISSION_RUG
9DLtFk37Nxr9CbJAvxKnjEpCzCdyjtNcD6juCYdYktTM,BLACKLIST_COMMISSION_RUG
BVKXAX6FvhuAMLTETgmJx9PEyZqj6hcoZVbh3dwiCQKt,BLACKLIST_COMMISSION_RUG
candyKFNNEGxMteGwNmR4YXim77gucQBP5JzGPdHqsK,BLACKLIST_COMMISSION_RUG
5KF6gMG6f5GCr4V6BXKzdroHxeXK68oKrLQdiujGsj9m,BLACKLIST_COMMISSION_RUG
5pqis66S1mSpDGmg7T5wLFqPnb524T5gzgxu2iqF1kWN,BLACKLIST_COMMISSION_RUG
5sJPiR5pbxkYwCKCeoWHU65nxYX3acAueXUGv4BLyboz,BLACKLIST_COMMISSION_RUG
FvtcEKiwhSxXafpcqN6m4C5fiWedhn9NZJtS8Am22YUB,BLACKLIST_COMMISSION_RUG
4GQovsSRvvFzko4iR3Dpdqhu7BbaU66hCgy6Jm9EWRtw,BLACKLIST_COMMISSION_RUG
67WppeGg2JBxQWaFkDRQamNmRmcboXsdgKJYVxGiDn6V,BLACKLIST_COMMISSION_RUG
69wYepwPQQLdVG9zT4fMtVrGzfvWb1gCdLv871jA6uZT,BLACKLIST_COMMISSION_RUG
2Gj8Md6yPiaffXRHaGd5wdTqPFAgUCz2ZnBRSvKYbxNM,BLACKLIST_COMMISSION_RUG
55UVRdjjX12UNnY4fkTNTXFFd5Y1TsxktJA4JdxUggJz,BLACKLIST_COMMISSION_RUG
2ihTGWPs9xADf3DkUFpYnCufUddHj6FftoCM5QabXBJ2,BLACKLIST_COMMISSION_RUG
stakeM3cvfUVxmhDsareCrqksos9Jv5tN9BJwrFLv3j,BLACKLIST_COMMISSION_RUG
HzHyM1ZCtLjakThcQifoSYersQy2cZTCz2Ah99beXYaL,BLACKLIST_COMMISSION_RUG
5wacKbXahnCfRFwNwJT7ynyvRTmyHuqwvPvKspmgVcip,BLACKLIST_COMMISSION_RUG
2KRUKzCXCuHbyL5QGERMpwsH9tgAdwGpeDXkRMm5gpZm,BLACKLIST_COMMISSION_RUG
2tCoK3hcQhRvrtTJCtL84Pu2J5V7wtVQt5MH1uMzp4XX,BLACKLIST_COMMISSION_RUG
4fBWWrBQhaQdFiLwPr8RfG4mYsjTRGRX58CRKNtFHgLD,BLACKLIST_COMMISSION_RUG
4GL3rCXPpvu9TePSEzVetJwAMhztHENWJ1bWtX5s6isc,BLACKLIST_COMMISSION_RUG
5eb7FxPo4gdtFTUMNQLeFqWLhRKMjdiu7dyXt7Anp5J4,BLACKLIST_COMMISSION_RUG
27LkBkFi8hwVrQiSdhqo9Rq5hkc6Tn1QYPXvyG7xa6TC,BLACKLIST_COMMISSION_RUG
6JaxrJYVHRhNLgSwaJcje5mTkVHpYHaALiCdawdDHJs6,BLACKLIST_COMMISSION_RUG
6VcHke5SeCLSwwbYpHe5u9Hnx7S9RrLgqqj4uVj8dgzT,BLACKLIST_COMMISSION_RUG
8CB5nGGW1kRZaHAHmsq1c1kxvvFSPK6chgSn5CU2h7C9,BLACKLIST_COMMISSION_RUG
9Gy7YX8S3C2df5ghdQQuspRYw5rJMns1ZhSxeYNkmdwP,BLACKLIST_COMMISSION_RUG
AiseS95iZjWhP8qowrg3efLxcDq5JWuGVVkyr5nG5osj,BLACKLIST_COMMISSION_RUG
AkVoTV14wHZVB7sNiLxGCiE4tS1mXG2CkZSuqLzxHS2V,BLACKLIST_COMMISSION_RUG
CBWhs4dy6wfLyuEZX82CT3WHKKFdcDgRUTPqiq7r36WN,BLACKLIST_COMMISSION_RUG
CZw1sSfjZbCccsk2kTjbFeVSgfzEgV1JxHEsEW69Qce9,BLACKLIST_COMMISSION_RUG
D71SXconcGZfftDKVJ5ksWD512QALK3hsBvyzvhEMxsb,BLACKLIST_COMMISSION_RUG
DEmZmtt9bDeDcBMExjKhpCFnA5yj46XbAkzu61CXPKFh,BLACKLIST_COMMISSION_RUG
H13nDMS5zkPB2Dhbk1k47UyBaEFaVaHpA6rDDuEWEhfQ,BLACKLIST_COMMISSION_RUG
HdJ6mGGfz8FXPXUyVMXRMhaQ5vUiFswQUw64for5pyjb,BLACKLIST_COMMISSION_RUG
HNeRuSiDf2zazfodgHw1Uaou3eLLZFHZqLKw1caGpBTS,BLACKLIST_COMMISSION_RUG
HPb7UffwnYV29n6XVz2XuUDfCB7HAW1inmPQSQRfkXau,BLACKLIST_COMMISSION_RUG
HXj2GeMSxFh7qywqsE3m7CGtxhyZGHjufyM1ZKoAiYjF,BLACKLIST_COMMISSION_RUG
J75kdoVKTTN8JNv2raUDKhFXGUokFxrZ4yfb3z5iUred,BLACKLIST_COMMISSION_RUG
JBjqqaDq5N16VW5J8UGMpYvkxCYNRFixBgdAefeJj6iv,BLACKLIST_COMMISSION_RUG
UZFxLfrRxbB4VnMj1HWMSLfMcA3fNP3AfxnaBGmJpH5,BLACKLIST_COMMISSION_RUG
8HA2gPaMXKXJDXpbFVxrmTDCtZZDPuEJqP3Vu3xwyq6M,BLACKLIST_COMMISSION_RUG
CHZwfXZXMUXaES6LevEs1g9RCykMnRYmn8qHM43Vh5Cx,BLACKLIST_COMMISSION_RUG
8BqUmPfVZrYrNL82UMn8Qyrg3bmryukk7kKPoCwkMPx3,BLACKLIST_COMMISSION_RUG
CtPVrVHadXPy6EJcs4sPSS6EWm8bF7uM9DSuCxf6PP8g,BLACKLIST_COMMISSION_RUG
HRbhBxjcdJKSJ9PA8cxRqRghRAkDZZiNd8W5o6RZsqqq,BLACKLIST_COMMISSION_RUG
4RRvY19jRFToz66zTpq28f26i4P49irnYLydspY5Zun3,BLACKLIST_COMMISSION_RUG
7y3tfYz8V3ui67XRJi1iiiS5GQ4zVyFoDfFAtouhB8gL,BLACKLIST_COMMISSION_RUG
DEjVjjwKs8DNrttcQCvMTBE6QcJagR4Ykhj9AujEuz4Z,BLACKLIST_COMMISSION_RUG
HRDjVXVUfqgmPQn45cxaiECU6ZVx9SNxTC9NGPVkMCoj,BLACKLIST_COMMISSION_RUG
denbgNhoGgvruFNaz1UiH1gc56RooG23TWr4gNSCmah,BLACKLIST_COMMISSION_RUG
7tY6iXcrTSsiixRy3Vkn15CCRYAtcyQvPUcRpwE7kXHH,BLACKLIST_COMMISSION_RUG
Dtwjm5bmZcpXY1YeTQ6cUhuyUXSasSjLUdcYMkY3o8ef,BLACKLIST_COMMISSION_RUG
7gds7PbCzmHbJStjxA5L5K8cu2LVUakmd3MDXFHSfcic,BLACKLIST_COMMISSION_RUG
6ksBdjCJbuX58KLD6H1wJ9NpmLi6qVezWFhVeXLPZCfo,BLACKLIST_COMMISSION_RUG
6jRRQHGTBa88VnmgrkXHTTyEcuak28J5AV2FAP4WFU86,BLACKLIST_COMMISSION_RUG
EmXn9UUNxkXZyKZJHFoVmBK9ETFrfTtFmmEY4U4RfbAH,BLACKLIST_COMMISSION_RUG
6C7nqxQqUzbqBFL89MWxqoK8kSivdsj8P7PHyNwuFKvZ,BLACKLIST_COMMISSION_RUG
F8WnGTm7wdqGzDWisKjDbZSbznJhQVh9EJDZLHzqQsGV,BLACKLIST_COMMISSION_RUG
61b5sg8egkGJ4ZGKxtF4Z44qTFD4nRGoHnpA8qp7kdsM,BLACKLIST_COMMISSION_RUG
FBAHVUMdNozoSDk6MSAUU1nhLMj7mJ8cegFhyDutb4TH,BLACKLIST_COMMISSION_RUG
5x9owHqw5yuJxXgmAYcVDdmAuK9dpTvi4ahQajhmfcjj,BLACKLIST_COMMISSION_RUG
GATwWi9S9Y9RV7GjUubyxAe4bFjrbmVbUvsg5jnfjWEB,BLACKLIST_COMMISSION_RUG
GHCvUqiyiQokj5bfy9CHCWrXAaFo9NNn43s3tNuZH3g7,BLACKLIST_COMMISSION_RUG
GKNEXXZ7YSfyPmv5T8LoQS3KCMa991yp9Ci7vUGN7hMy,BLACKLIST_COMMISSION_RUG
5tKVdfSjikqPUrYxYYTVqciTetXcCzy5y61jRjohuk4u,BLACKLIST_COMMISSION_RUG
5iKHfbGCttCBC9mS8v22FDTc1JVJuUX8uv5dMN812bmf,BLACKLIST_COMMISSION_RUG
3MvtE9TsVm7hUiKaNAuJ4JZX8CaXRRdvMfAciJ9DCGLS,BLACKLIST_COMMISSION_RUG
H3KvD8QMBqqy7TuWB1jdkPEmvNqrX52yDoq7XxMjsrNz,BLACKLIST_COMMISSION_RUG
4cHZGqSeyauFBH4pz9Y65shU7YV2R7HzfzJ6PkSh2y75,BLACKLIST_COMMISSION_RUG
5d4ECeozGJN1spj1dBqMEkZDzRAXDa5hvpzZytCJMRav,BLACKLIST_COMMISSION_RUG
3JDvbUoSpaSv8FwPCRJm5DB8Mt3qckxFHNoGdLd7Zd1k,BLACKLIST_COMMISSION_RUG
4YWwshguoARneC9HuSWVHcLAkh9J1NFoqMZ3VhtJSZuA,BLACKLIST_COMMISSION_RUG
2LR74ZF3r6Kj34UbGNfvYvD8e7o92gqKfGfc8n2SzsKB,BLACKLIST_COMMISSION_RUG
BCFXNa8HszvyKRb1xETVzAqUyCeVjYW6Ns1gwVvS2Pq6,BLACKLIST_COMMISSION_RUG
ATAQXMLxTz8rqTKVvuPiyzkPsbFxtwfdhYwGUnzurwGA,BLACKLIST_COMMISSION_RUG
AqU2ZDF88mkdc7SRE9a7pQGZricwdsqy61sf4xjJ5Bpy,BLACKLIST_COMMISSION_RUG
BfUy6zGqC7vW2SqTrxismVXRgTH5FiMKKPaMxcYDshMq,BLACKLIST_COMMISSION_RUG
BtB9jAbgeE3YsPX67BoyxPDHAy6reTC7iim8C4agARZC,BLACKLIST_COMMISSION_RUG
AFPhtNfns7wHz1gJcVGt4SqbKsPt14YShywa75QGTJ97,BLACKLIST_COMMISSION_RUG
C2Ky72Dr2V8Jz7Vbp5YJw6kTiH5cn7n8sYWJo8bbjPtR,BLACKLIST_COMMISSION_RUG
C45RHYsHWCdeaLJ2x1VfsKH6PgFBbuH6XKHywRTgJCtd,BLACKLIST_COMMISSION_RUG
AdWoQBvHGj2u2Mb5bi7SppVrcVU4wRu12auVtdNjZpzt,BLACKLIST_COMMISSION_RUG
9XZmY7Jm3gqfoJNVXp71J9upHGVwddqDHqnJF8vzXcNt,BLACKLIST_COMMISSION_RUG
HPx7uv5ygHanVpVYsJMQGF2L82JuXDJtbxxuS2bY2qgk,BLACKLIST_COMMISSION_RUG
8hpaVczvUK24kogYWxV6s3hajDAbaHb6KGZsVRLDoksi,BLACKLIST_COMMISSION_RUG
2ikGwX24ATJQHPtWpHupEAJvAyp63niaFL5R2sGXwfnd,SLOW_VOTER
2jevuBmk1TrXA36bRZ4bhdJGPzGqcCDoVzRcyYtxzKHY,SLOW_VOTER
2sR1ApkwZebjrfMxAyWxEokCQVDzw6FyEYwSk11wav87,SLOW_VOTER
2U7MwCTuLUe59aXMM8VXNTDjdajpZxDJD6vkvVJ8iDHf,SLOW_VOTER
2WrDvTbMJq9gCUkytxNcZH2YrEhARSszo8EHUyqUVqYE,SLOW_VOTER
34oGkjDsb6mRwSbvw9xZDtR9URfVpRnYjvwZecUZUsHF,SLOW_VOTER
3ZHY9PQtp7MyznRcHRAkFYrTWinQzidYAQxNjBeyzyr9,SLOW_VOTER
3ZsYx8EVSZbrHwvuJ1ksARBg7sNGynuKWjan4oezekaK,SLOW_VOTER
437jBWng7563yC8LForExeWZ8LVMQSkqqBEbzAFjfpVx,SLOW_VOTER
45W8qw7QurSGkRrsiQpYapifreLouNv7hFbwnnzRjMMR,SLOW_VOTER
48oxpSHQkM4sdXUY9NQ8KnEtebzZbyk8uUT7JRdVQNuf,SLOW_VOTER
4bhoRSz53dMABDx2CkA9KSXtu5NGhoJA1SzY1h2Pttqi,SLOW_VOTER
4Dh6frby55aY5NXdCGYe6yU61xusgzNHBa3GeXWMLPJ4,SLOW_VOTER
4GAmUQ8FvKcTzeYGqxu2oSBMStYNwDTmBo7LC1Csg6SE,SLOW_VOTER
4GhsFrzqekca4FiZQdwqbstzcEXsredqpemF9FdRQBqZ,SLOW_VOTER
4SzV3GRjEFXZ53LmJ5kbbi7MMNKux52DHnAy14ypqoP9,SLOW_VOTER
4vcLWDyAfgNH5MMzbKZjCtyeiTZcSvFJFpwWPRdNM6UG,SLOW_VOTER
576M4qCLi4H3yzcvADMMjNA8bDrJuiYZz2XCXMxGvaPe,SLOW_VOTER
5afRnmkFn1pRU9oussqwk1RRBVyoDgUkL16Jz4qNf574,SLOW_VOTER
5enTTfG63W4JUzCpwioeLte7827NrYXUgGr6z7Rm7xf5,SLOW_VOTER
5Gd1Tw6A2M3cTpReUY1u4EjZeggpgKJxbwNphPENcnCs,SLOW_VOTER
5HedSkUKfYmusiV7rAppuHbz7fp8JmUoLLJjJqCQLS5j,SLOW_VOTER
5HScvYkTWL9iojhPv26xK7GqB7oBsj9A2qHCeNRFmdyG,SLOW_VOTER
5sQ5AuSxmX2avcS99p8ECcvQAAKV3pKL5s6AoAccwuww,SLOW_VOTER
5tKVdfSjikqPUrYxYYTVqciTetXcCzy5y61jRjohuk4u,SLOW_VOTER
5ZySjU8k4tS32ekHm3PFDiSyVgKm6sp83YRBjVtqnJ8a,SLOW_VOTER
6c2FJC1NfzNvivapAzPW8vj9TW63dpHCVh7zzehwnNLH,SLOW_VOTER
6T7SEeBwdFov3vYVFt1vt7mEU1w57TbevvETqipp9DW3,SLOW_VOTER
6yShbTX3KRMJLANDfo8Xo4aHYCjepjUbna9Y64mdQB1a,SLOW_VOTER
6ywtN5KvEmTqdsynVraiUWGD4pxr3WQEKrWQZ4f9c5Xo,SLOW_VOTER
6zDrZWRXQ7GWi1W2fBTzSs59PSa2uj2k8w2qkc451rqG,SLOW_VOTER
7aE66BtyfPELpp6hnb6qb3PjQzmzMqXRMKx9EU7tHak6,SLOW_VOTER
7hQFSPy3ZkFQLaWek8PnCoF1HeSTPz5SYQYzrKHHKSxy,SLOW_VOTER
7QFPC5o5dmJaKwntE8bu2ohvT91y9eouXAMRMM1Y7VRP,SLOW_VOTER
7TFpR2oKki1HJH6NgtMxiX8nqijR38yS539QWxCGVeT6,SLOW_VOTER
7WrwDgSy7SwdnvWghJJGnKaLy9mrdSFwNNNMUtrbZeuS,SLOW_VOTER
7YzmMGQhrE7VaTiDFnb7R633gquLEKmSpwkXG6u64fhj,SLOW_VOTER
7ztvwhHQxU68beHN88iK2h7KMZb3zdHcESWpNHJhQwsc,SLOW_VOTER
8auuvvDPFBYT67zEJZZji4it3ihtiDdsTn9BFeGYGbAs,SLOW_VOTER
8Pep3GmYiijRALqrMKpez92cxvF4YPTzoZg83uXh14pW,SLOW_VOTER
8PMeDKfxUKv4KJBBQJYPmfyZfoYYnMju6fnokRR9uT2w,SLOW_VOTER
9CquYfmEAUs6FsrLP14DxcyryehchkfTKeQ2Fbg1HraN,SLOW_VOTER
9dDSAHq5z5JFhBEJSWRAp9fL8VFoFtwZ53spjvHd6bzW,SLOW_VOTER
9Gy7YX8S3C2df5ghdQQuspRYw5rJMns1ZhSxeYNkmdwP,SLOW_VOTER
9HvcpT4vGkgDU3TUXuJFtC5DPjMt5jb8MXFFTNTg9Mim,SLOW_VOTER
9R6U2y1EJShzUj3uRiTjo9ajhJE7jwiF9d6M1M7MR5CZ,SLOW_VOTER
9R8ssXug5aeemHc175Kenn35f8DSEXWPis5G8cpqCMiJ,SLOW_VOTER
9UfKDYAmGoX9GKfmbrQnBK3xkawzWo4AwwU7Ppcnv3Lx,SLOW_VOTER
9UL36jMUb87NLqGhMDTZdEreZQ4gjQMcc5w5p1B4JaNS,SLOW_VOTER
9xxDBRFbBabQ3ZDJbpjEymkN7oCMg7jhwjX3f2k8Uix7,SLOW_VOTER
9ZKug1L5nx4VSkSQ5dC7LZWtpqTiS7kFeKFBaJjWW9Ld,SLOW_VOTER
A1n6Hur1GxnAd1CGSfwetjY2H99C3Qa8XdYAaCiAMfJv,SLOW_VOTER
A2XnPCfYMt8inTUX3DhbVZ6ZW7pmXquLKJ1knGupjaKS,SLOW_VOTER
AdWoQBvHGj2u2Mb5bi7SppVrcVU4wRu12auVtdNjZpzt,SLOW_VOTER
AeHBkLDeWtMHqrM4uwuewwWKtyKd5aBZAygxZJ3MCjRp,SLOW_VOTER
AG781KzvU89JSu9W69adSLkaVW11g9L3HNxYyuePrfrk,SLOW_VOTER
AQNEbXjfsvR8wSTag5GRTBeBXUNw3oCndjHV4grdwhqV,SLOW_VOTER
Azz9EmNuhtjoYrhWvidWx1Hfd14SNBsYyzXhA9Tnoca8,SLOW_VOTER
B7rcR1Jg4GbRdFBzFhYfzRmb3GozVXwUD7QsYoS6KaSx,SLOW_VOTER
BBXLiDyJiBxcKywtMxkqCNeruhZVDXA7ZmYYfQ25P2ay,SLOW_VOTER
BNYVMkawH7ekKdbZ7NHqd7duLVc6QLATHYf5aqMkwjec,SLOW_VOTER
BTDm19nH5oPtgbSyf4iHft7QP1M5xM4GDr9inGDK2wwk,SLOW_VOTER
C31ocJKVAi8wxCvyAMjXte2fY9zECV2fKrn786F4WZ4N,SLOW_VOTER
C9nCGHyXXT5zreixJ5TvcyT7XE5U2hoAK5eiXmEZfeK5,SLOW_VOTER
C9pfCHG1zx5fTtmbsFwLG6yFoztyUVXoCmirUcCe2dt7,SLOW_VOTER
CbjQjEFBiLF4F2UrGVGEpesYemgXRhFzFTZHwAP5PbHm,SLOW_VOTER
Cet1ibvmyigEp1vpJNSSL8As3Men9oJqheG1HQ71C4V9,SLOW_VOTER
CHUF69YeA3gZv484izYuhKk1EjaJYjv1pNoJJ6QeFDQc,SLOW_VOTER
CviQXDMPZPVAZ5qgVGN2gSBSD9GqqwRt7VZidoHMpArr,SLOW_VOTER
cvotehJbE3GoPGWWFGTPLfZev1XAeAUopH7Uh5CzXnS,SLOW_VOTER
D6AkdRCEAvE8Rjh4AKDSCXZ5BaiKpp79da6XtUJotGq5,SLOW_VOTER
DfpdmTsSCBPxCDwZwgBMfjjV8mF8xHkGRcXP8dJBVmrq,SLOW_VOTER
DKnZkpsqtS4kpFP5zWudrg8w9eCUHixJ2QCRtwwxh8Me,SLOW_VOTER
DM7agS8XHMXqxsT7BXxAPKzJ54JSEDTK59HtrQfEKJGa,SLOW_VOTER
Dn2cRSWAfQpb3NyUJ2q33t1scBLxzo8TZBAyKsWhX7zh,SLOW_VOTER
DUxWarcMsNYD5EKj3mchf7ssT9j6h4Bdw3VFJi7QxDry,SLOW_VOTER
DWCLHn3hzmru2K8Lg2MFhsBABPmEGDkd664V9z77NjCt,SLOW_VOTER
DXv73X82WCjVMsqDszK3z764tTJMU3nPXyCU3UktudBG,SLOW_VOTER
E5EEtMMswwfYPEtT1MgNE88op82E62TBnB6UeuQ2LRxc,SLOW_VOTER
EidMX3odcboCh5w4sfie7Y6rjPhFfsRinzdqDFVVVhXM,SLOW_VOTER
EtGWDbP7342Mo2PnG6MYUP1rL8v69ycn1FRnRTB1BLU3,SLOW_VOTER
EXYEG9LAhC2AP9FYGGUhjJDTKfCU57S1Mi3Zp28cV6CU,SLOW_VOTER
F9aNzPaK4SBWSFf5CfvQmYsPGQ7GWU7Mg4P8mmjkMu7q,SLOW_VOTER
FaNp2GzQyt2ktDFSQvyom45w6t8APvoQiey5SWcKJ87R,SLOW_VOTER
FaxFKPhpVB6xc8FRgBYNhEGXrTw7YqUA9HG5ggdHZ3TB,SLOW_VOTER
Fg6LGnuXn4acNHpmCKqtMNUkALh17NGKx2pfz3suHfgW,SLOW_VOTER
FjtaPjqtDjQdYJxwC5Jm3TRMeCCaFBFJtLvjFgjoQ4dL,SLOW_VOTER
FNsmGoqQm6wxcAnCtmvuLQNY915WEfh1dZS6tMeP25kd,SLOW_VOTER
FQY5UU6THEhRNZRg7YXfYGQhJi45TLXrHg76EsXJmESc,SLOW_VOTER
G1jYoKytyTZEgGK8PGQQwJ2ti75aMJ2KXfAn1QKgMfwX,SLOW_VOTER
G3S7AjkVSEX47HzEYfKasjMX1dRueJusKsgg8ceTmtfT,SLOW_VOTER
G7vraB2xC1yMLp7X451Wof4DyEqsWzSXXtTKdRJb91k6,SLOW_VOTER
GDgKAmToNdQyB4bWiieh4z9MAfPknnnq3LUUq3Rc36TV,SLOW_VOTER
GfS1sYATMCcHzobTvHR16Gd95JEZxGGNZqq31Nn3XWQc,SLOW_VOTER
GKNEXXZ7YSfyPmv5T8LoQS3KCMa991yp9Ci7vUGN7hMy,SLOW_VOTER
GUTjLTQTCmeBzTrBgCsWSM7G2JrsLvwXbXdafWvicqbr,SLOW_VOTER
GVnuASWq3WvUiZeffWzydhVDCMKQKJUiuuUUxDFGAtDm,SLOW_VOTER
HG7a8fgjTkQhGFTPukbTdf5FCwxVVjKzkbo6ToNswTXH,SLOW_VOTER
HHFqy4NJteQJScyoAsjwYjS8wCuV1AjNv4veoeKVACRi,SLOW_VOTER
HhrkPmp8drPTMBrisM91wwoWnFHJXS55VYXGBkE6gP9i,SLOW_VOTER
HK5QdwAV4nV3nHuuGvquLJ4ds3hSx8WG2wgfKX3obFU7,SLOW_VOTER
LodezVTbz3v5GK6oULfWNFfcs7D4rtMZQkmRjnh65gq,SLOW_VOTER
NDhC4NhBhBweYsmMxpSLci49RFpFuz6dD7bXLzY8bSX,SLOW_VOTER
nVu3zzzLXJJzvoozEaUCyNFnHE2ZTgjzdG251EMW3JW,SLOW_VOTER
Pond1QyT1sQtiru3fi9G5LGaLRGeUpJKR1a2gdbq2u4,SLOW_VOTER
TomHwzaaYkX3wgXFVU7aaJHs9uxkL9M3Gcp3zZuMWJJ,SLOW_VOTER
Va1idkzkB6LEmVFmxWbWU8Ao9qehC62Tjmf68L3uYKj,SLOW_VOTER
Y5QQUfYcTfJSTbV38jnvSzdGjw4F9yVipknUdAWKwV3,SLOW_VOTER
